TimeStamps, SceneNum,
1660240352808,3,
1660240374611,6,
1660240391967,9,
1660240407698,11,
1660240424487,15,
1660240439836,17,
1660240455370,21,
1660240471016,24,
1660240486969,26,
1660240502455,29,
1660240517407,33,
1660240532601,36,
1660240550523,38,
1660240566391,41,
1660240581950,45,
1660240597177,48,
1660240612966,51,
1660240627581,54,
1660240642372,57,
1660240657560,59,
1660240672395,62,
1660240686884,65,
1660240701666,68,
1660240718211,72,
1660240732677,75,
1660240747087,78,
1660240761709,81,
1660240776766,83,
1660240791973,87,
1660240807042,89,
